feature,variant_likelihood,total_freq,doc_freq
ou inserted,0.700667429987246,6.0,2
ī for ū,0.7261635073939763,33.0,2
š for o,0.7070064525483114,16.0,2
ū for ə̄,0.7233139720462232,24.0,2
ϑ for s,0.7136990842231449,23.0,2
